partid,graphorder,city_images
67cf70ec9741a100ffc7f570,Gatlinburg; Boulder; Shreveport; Carmel; Racine; Peoria; Huntsville; Hanover; Leesburg; Cornwall; New Hope; Hot Springs; West Palm Beach,US_Cities_List/nat_gatlinburg.png; US_Cities_List/mm_boulder.png; US_Cities_List/mm_shreveport.png; US_Cities_List/mm_carmel.png; US_Cities_List/nat_racine.png; US_Cities_List/nat_peoria.png; US_Cities_List/nat_huntsville.png; US_Cities_List/nat_hanover.png; US_Cities_List/mm_leesburg.png; US_Cities_List/nat_cornwall.png; US_Cities_List/nat_newhope.png; US_Cities_List/mm_hotsprings.png; US_Cities_List/mm_westpalmbeach.png
634ef87aec0966557c825573,New Hope; Leesburg; Shreveport; Hot Springs; Boulder; Gatlinburg; Cornwall; Carmel; Huntsville; West Palm Beach; Peoria; Racine; Hanover,US_Cities_List/nat_newhope.png; US_Cities_List/mm_leesburg.png; US_Cities_List/nat_shreveport.png; US_Cities_List/nat_hotsprings.png; US_Cities_List/mm_boulder.png; US_Cities_List/nat_gatlinburg.png; US_Cities_List/nat_cornwall.png; US_Cities_List/nat_carmel.png; US_Cities_List/mm_huntsville.png; US_Cities_List/nat_westpalmbeach.png; US_Cities_List/mm_peoria.png; US_Cities_List/nat_racine.png; US_Cities_List/mm_hanover.png
67dff4b10f363a1974679065,Hanover; Racine; Hot Springs; New Hope; Leesburg; Boulder; West Palm Beach; Cornwall; Carmel; Huntsville; Shreveport; Peoria; Gatlinburg,US_Cities_List/mm_hanover.png; US_Cities_List/mm_racine.png; US_Cities_List/mm_hotsprings.png; US_Cities_List/nat_newhope.png; US_Cities_List/mm_leesburg.png; US_Cities_List/nat_boulder.png; US_Cities_List/nat_westpalmbeach.png; US_Cities_List/nat_cornwall.png; US_Cities_List/mm_carmel.png; US_Cities_List/nat_huntsville.png; US_Cities_List/nat_shreveport.png; US_Cities_List/nat_peoria.png; US_Cities_List/nat_gatlinburg.png
67eec1cf02e625e0d469f1ed,Shreveport; Peoria; West Palm Beach; Huntsville; Racine; Cornwall; Leesburg; Gatlinburg; Hot Springs; Hanover; Carmel; New Hope; Boulder,US_Cities_List/nat_shreveport.png; US_Cities_List/mm_peoria.png; US_Cities_List/nat_westpalmbeach.png; US_Cities_List/mm_huntsville.png; US_Cities_List/nat_racine.png; US_Cities_List/nat_cornwall.png; US_Cities_List/mm_leesburg.png; US_Cities_List/mm_gatlinburg.png; US_Cities_List/mm_hotsprings.png; US_Cities_List/mm_hanover.png; US_Cities_List/nat_carmel.png; US_Cities_List/nat_newhope.png; US_Cities_List/mm_boulder.png
56e60e39f7957b000b18e37b,Boulder; Hanover; Hot Springs; Peoria; Gatlinburg; New Hope; Shreveport; Cornwall; West Palm Beach; Huntsville; Leesburg; Racine; Carmel,US_Cities_List/nat_boulder.png; US_Cities_List/nat_hanover.png; US_Cities_List/mm_hotsprings.png; US_Cities_List/nat_peoria.png; US_Cities_List/nat_gatlinburg.png; US_Cities_List/mm_newhope.png; US_Cities_List/nat_shreveport.png; US_Cities_List/nat_cornwall.png; US_Cities_List/mm_westpalmbeach.png; US_Cities_List/mm_huntsville.png; US_Cities_List/nat_leesburg.png; US_Cities_List/nat_racine.png; US_Cities_List/nat_carmel.png
66f02f508e8473f0362ed99e,Huntsville; New Hope; Carmel; Shreveport; West Palm Beach; Peoria; Racine; Hot Springs; Boulder; Hanover; Cornwall; Gatlinburg; Leesburg,US_Cities_List/mm_huntsville.png; US_Cities_List/nat_newhope.png; US_Cities_List/mm_carmel.png; US_Cities_List/nat_shreveport.png; US_Cities_List/mm_westpalmbeach.png; US_Cities_List/nat_peoria.png; US_Cities_List/nat_racine.png; US_Cities_List/mm_hotsprings.png; US_Cities_List/nat_boulder.png; US_Cities_List/nat_hanover.png; US_Cities_List/nat_cornwall.png; US_Cities_List/mm_gatlinburg.png; US_Cities_List/nat_leesburg.png
6732ca9052a3b5780ec6068a,Boulder; Cornwall; Shreveport; Carmel; Leesburg; New Hope; Hot Springs; Gatlinburg; Racine; Peoria; Hanover; Huntsville; West Palm Beach,US_Cities_List/mm_boulder.png; US_Cities_List/nat_cornwall.png; US_Cities_List/nat_shreveport.png; US_Cities_List/mm_carmel.png; US_Cities_List/nat_leesburg.png; US_Cities_List/nat_newhope.png; US_Cities_List/mm_hotsprings.png; US_Cities_List/mm_gatlinburg.png; US_Cities_List/mm_racine.png; US_Cities_List/mm_peoria.png; US_Cities_List/mm_hanover.png; US_Cities_List/mm_huntsville.png; US_Cities_List/nat_westpalmbeach.png
615e420a23219efe3427a367,Peoria; Boulder; Racine; Shreveport; New Hope; Hot Springs; Huntsville; Leesburg; Gatlinburg; Carmel; Hanover; Cornwall; West Palm Beach,US_Cities_List/nat_peoria.png; US_Cities_List/mm_boulder.png; US_Cities_List/mm_racine.png; US_Cities_List/nat_shreveport.png; US_Cities_List/nat_newhope.png; US_Cities_List/mm_hotsprings.png; US_Cities_List/mm_huntsville.png; US_Cities_List/nat_leesburg.png; US_Cities_List/nat_gatlinburg.png; US_Cities_List/nat_carmel.png; US_Cities_List/mm_hanover.png; US_Cities_List/mm_cornwall.png; US_Cities_List/mm_westpalmbeach.png
682b4aa9f44c4882f1629d8a,Carmel; Boulder; New Hope; Leesburg; Hanover; Hot Springs; Shreveport; West Palm Beach; Racine; Huntsville; Peoria; Gatlinburg; Cornwall,US_Cities_List/nat_carmel.png; US_Cities_List/nat_boulder.png; US_Cities_List/nat_newhope.png; US_Cities_List/mm_leesburg.png; US_Cities_List/mm_hanover.png; US_Cities_List/mm_hotsprings.png; US_Cities_List/nat_shreveport.png; US_Cities_List/mm_westpalmbeach.png; US_Cities_List/nat_racine.png; US_Cities_List/nat_huntsville.png; US_Cities_List/mm_peoria.png; US_Cities_List/nat_gatlinburg.png; US_Cities_List/nat_cornwall.png
67e1ab7aba45c5e515df8a71,Racine; New Hope; Hot Springs; Peoria; Shreveport; West Palm Beach; Huntsville; Gatlinburg; Leesburg; Cornwall; Carmel; Boulder; Hanover,US_Cities_List/nat_racine.png; US_Cities_List/mm_newhope.png; US_Cities_List/mm_hotsprings.png; US_Cities_List/nat_peoria.png; US_Cities_List/nat_shreveport.png; US_Cities_List/nat_westpalmbeach.png; US_Cities_List/mm_huntsville.png; US_Cities_List/mm_gatlinburg.png; US_Cities_List/mm_leesburg.png; US_Cities_List/mm_cornwall.png; US_Cities_List/mm_carmel.png; US_Cities_List/nat_boulder.png; US_Cities_List/nat_hanover.png
628f7e982aad1788d940317a,Hot Springs; Gatlinburg; Racine; West Palm Beach; Boulder; Leesburg; Huntsville; Cornwall; Shreveport; Peoria; Carmel; Hanover; New Hope,US_Cities_List/mm_hotsprings.png; US_Cities_List/nat_gatlinburg.png; US_Cities_List/nat_racine.png; US_Cities_List/nat_westpalmbeach.png; US_Cities_List/nat_boulder.png; US_Cities_List/mm_leesburg.png; US_Cities_List/nat_huntsville.png; US_Cities_List/nat_cornwall.png; US_Cities_List/nat_shreveport.png; US_Cities_List/nat_peoria.png; US_Cities_List/nat_carmel.png; US_Cities_List/mm_hanover.png; US_Cities_List/nat_newhope.png
5cba50bf114fa5001aac5570,Shreveport; Leesburg; Boulder; Hanover; Cornwall; New Hope; Hot Springs; Racine; Gatlinburg; Carmel; West Palm Beach; Peoria; Huntsville,US_Cities_List/nat_shreveport.png; US_Cities_List/nat_leesburg.png; US_Cities_List/mm_boulder.png; US_Cities_List/nat_hanover.png; US_Cities_List/mm_cornwall.png; US_Cities_List/nat_newhope.png; US_Cities_List/nat_hotsprings.png; US_Cities_List/mm_racine.png; US_Cities_List/nat_gatlinburg.png; US_Cities_List/mm_carmel.png; US_Cities_List/mm_westpalmbeach.png; US_Cities_List/nat_peoria.png; US_Cities_List/mm_huntsville.png
6657584ca6e3645f4a99e753,Racine; Carmel; Huntsville; Leesburg; Cornwall; West Palm Beach; Boulder; Hanover; Hot Springs; New Hope; Shreveport; Peoria; Gatlinburg,US_Cities_List/nat_racine.png; US_Cities_List/mm_carmel.png; US_Cities_List/nat_huntsville.png; US_Cities_List/nat_leesburg.png; US_Cities_List/nat_cornwall.png; US_Cities_List/nat_westpalmbeach.png; US_Cities_List/mm_boulder.png; US_Cities_List/nat_hanover.png; US_Cities_List/mm_hotsprings.png; US_Cities_List/mm_newhope.png; US_Cities_List/nat_shreveport.png; US_Cities_List/mm_peoria.png; US_Cities_List/mm_gatlinburg.png
6826aa7ffe3641d3eba2c4bd,Huntsville; Cornwall; Racine; Leesburg; Gatlinburg; West Palm Beach; Peoria; Shreveport; Carmel; Boulder; Hot Springs; New Hope; Hanover,US_Cities_List/nat_huntsville.png; US_Cities_List/nat_cornwall.png; US_Cities_List/nat_racine.png; US_Cities_List/nat_leesburg.png; US_Cities_List/nat_gatlinburg.png; US_Cities_List/mm_westpalmbeach.png; US_Cities_List/nat_peoria.png; US_Cities_List/mm_shreveport.png; US_Cities_List/mm_carmel.png; US_Cities_List/mm_boulder.png; US_Cities_List/mm_hotsprings.png; US_Cities_List/nat_newhope.png; US_Cities_List/mm_hanover.png
682dd11f39ce4e00502afaf7,New Hope; Gatlinburg; Boulder; Leesburg; Hanover; Racine; Hot Springs; Peoria; Shreveport; West Palm Beach; Cornwall; Carmel; Huntsville,US_Cities_List/mm_newhope.png; US_Cities_List/mm_gatlinburg.png; US_Cities_List/nat_boulder.png; US_Cities_List/nat_leesburg.png; US_Cities_List/mm_hanover.png; US_Cities_List/mm_racine.png; US_Cities_List/mm_hotsprings.png; US_Cities_List/nat_peoria.png; US_Cities_List/nat_shreveport.png; US_Cities_List/mm_westpalmbeach.png; US_Cities_List/mm_cornwall.png; US_Cities_List/nat_carmel.png; US_Cities_List/nat_huntsville.png
66ecded667f721bca7e5609d,Shreveport; Huntsville; West Palm Beach; Cornwall; New Hope; Hanover; Boulder; Peoria; Racine; Gatlinburg; Leesburg; Carmel; Hot Springs,US_Cities_List/nat_shreveport.png; US_Cities_List/nat_huntsville.png; US_Cities_List/mm_westpalmbeach.png; US_Cities_List/nat_cornwall.png; US_Cities_List/nat_newhope.png; US_Cities_List/mm_hanover.png; US_Cities_List/nat_boulder.png; US_Cities_List/nat_peoria.png; US_Cities_List/mm_racine.png; US_Cities_List/mm_gatlinburg.png; US_Cities_List/nat_leesburg.png; US_Cities_List/mm_carmel.png; US_Cities_List/mm_hotsprings.png
5fadeb340e10471fdeb5fbf5,Hanover; New Hope; Boulder; Carmel; Leesburg; Shreveport; Peoria; West Palm Beach; Huntsville; Racine; Gatlinburg; Cornwall; Hot Springs,US_Cities_List/mm_hanover.png; US_Cities_List/nat_newhope.png; US_Cities_List/mm_boulder.png; US_Cities_List/mm_carmel.png; US_Cities_List/mm_leesburg.png; US_Cities_List/mm_shreveport.png; US_Cities_List/nat_peoria.png; US_Cities_List/mm_westpalmbeach.png; US_Cities_List/nat_huntsville.png; US_Cities_List/nat_racine.png; US_Cities_List/mm_gatlinburg.png; US_Cities_List/mm_cornwall.png; US_Cities_List/mm_hotsprings.png
67351d691e6e9753f1834168,Gatlinburg; Boulder; Leesburg; Peoria; Hanover; Racine; Shreveport; Huntsville; Cornwall; New Hope; West Palm Beach; Carmel; Hot Springs,US_Cities_List/mm_gatlinburg.png; US_Cities_List/nat_boulder.png; US_Cities_List/mm_leesburg.png; US_Cities_List/nat_peoria.png; US_Cities_List/nat_hanover.png; US_Cities_List/mm_racine.png; US_Cities_List/nat_shreveport.png; US_Cities_List/mm_huntsville.png; US_Cities_List/nat_cornwall.png; US_Cities_List/nat_newhope.png; US_Cities_List/mm_westpalmbeach.png; US_Cities_List/nat_carmel.png; US_Cities_List/nat_hotsprings.png
57bb6878eb28030001f7ea94,Cornwall; Racine; Boulder; Carmel; Shreveport; New Hope; Leesburg; Huntsville; Gatlinburg; Hanover; West Palm Beach; Peoria; Hot Springs,US_Cities_List/nat_cornwall.png; US_Cities_List/nat_racine.png; US_Cities_List/mm_boulder.png; US_Cities_List/nat_carmel.png; US_Cities_List/mm_shreveport.png; US_Cities_List/mm_newhope.png; US_Cities_List/mm_leesburg.png; US_Cities_List/nat_huntsville.png; US_Cities_List/mm_gatlinburg.png; US_Cities_List/nat_hanover.png; US_Cities_List/nat_westpalmbeach.png; US_Cities_List/nat_peoria.png; US_Cities_List/nat_hotsprings.png
66e4c4358de330a06b4d33f1,Shreveport; New Hope; Hanover; Racine; Carmel; Cornwall; Huntsville; West Palm Beach; Hot Springs; Gatlinburg; Peoria; Boulder; Leesburg,US_Cities_List/nat_shreveport.png; US_Cities_List/nat_newhope.png; US_Cities_List/mm_hanover.png; US_Cities_List/nat_racine.png; US_Cities_List/nat_carmel.png; US_Cities_List/nat_cornwall.png; US_Cities_List/mm_huntsville.png; US_Cities_List/mm_westpalmbeach.png; US_Cities_List/nat_hotsprings.png; US_Cities_List/mm_gatlinburg.png; US_Cities_List/nat_peoria.png; US_Cities_List/nat_boulder.png; US_Cities_List/mm_leesburg.png
67414dcbcf89f6a633385d49,Leesburg; Gatlinburg; Peoria; Racine; West Palm Beach; Hot Springs; Boulder; New Hope; Shreveport; Huntsville; Carmel; Hanover; Cornwall,US_Cities_List/mm_leesburg.png; US_Cities_List/mm_gatlinburg.png; US_Cities_List/mm_peoria.png; US_Cities_List/nat_racine.png; US_Cities_List/nat_westpalmbeach.png; US_Cities_List/nat_hotsprings.png; US_Cities_List/mm_boulder.png; US_Cities_List/mm_newhope.png; US_Cities_List/nat_shreveport.png; US_Cities_List/mm_huntsville.png; US_Cities_List/mm_carmel.png; US_Cities_List/nat_hanover.png; US_Cities_List/nat_cornwall.png
67e2b86a96de1816df85cefe,Shreveport; Carmel; Leesburg; Boulder; Cornwall; Gatlinburg; Hot Springs; Racine; Hanover; West Palm Beach; Peoria; Huntsville; New Hope,US_Cities_List/mm_shreveport.png; US_Cities_List/nat_carmel.png; US_Cities_List/nat_leesburg.png; US_Cities_List/mm_boulder.png; US_Cities_List/nat_cornwall.png; US_Cities_List/nat_gatlinburg.png; US_Cities_List/mm_hotsprings.png; US_Cities_List/nat_racine.png; US_Cities_List/nat_hanover.png; US_Cities_List/nat_westpalmbeach.png; US_Cities_List/mm_peoria.png; US_Cities_List/mm_huntsville.png; US_Cities_List/nat_newhope.png
62c431f8b8e7dec0d2c03ea7,West Palm Beach; Boulder; Peoria; Racine; Hot Springs; Gatlinburg; Leesburg; Hanover; Carmel; New Hope; Huntsville; Cornwall; Shreveport,US_Cities_List/mm_westpalmbeach.png; US_Cities_List/nat_boulder.png; US_Cities_List/mm_peoria.png; US_Cities_List/nat_racine.png; US_Cities_List/nat_hotsprings.png; US_Cities_List/nat_gatlinburg.png; US_Cities_List/mm_leesburg.png; US_Cities_List/nat_hanover.png; US_Cities_List/nat_carmel.png; US_Cities_List/mm_newhope.png; US_Cities_List/mm_huntsville.png; US_Cities_List/nat_cornwall.png; US_Cities_List/mm_shreveport.png
