partid,graphorder
6679dc943f855ba978447c25,GW/globe.jpg; GW/basket.jpg; GW/barrel.jpg; GW/snail.jpg; GW/gong.jpg; GW/teeth.jpg; GW/jukebox.jpg; GW/camera.jpg; GW/soldier.jpg; GW/dustpan.jpg; GW/wheelchair.jpg; GW/paint.jpg; GW/hat.jpg
66a02d45a7db35d93c9f6a81,GW/teeth.jpg; GW/wheelchair.jpg; GW/barrel.jpg; GW/hat.jpg; GW/jukebox.jpg; GW/paint.jpg; GW/basket.jpg; GW/snail.jpg; GW/gong.jpg; GW/globe.jpg; GW/dustpan.jpg; GW/soldier.jpg; GW/camera.jpg
65c017a404cde4687fdad22e,GW/snail.jpg; GW/soldier.jpg; GW/wheelchair.jpg; GW/basket.jpg; GW/globe.jpg; GW/paint.jpg; GW/gong.jpg; GW/jukebox.jpg; GW/teeth.jpg; GW/barrel.jpg; GW/dustpan.jpg; GW/hat.jpg; GW/camera.jpg
65958f57929aaa555306baf9,GW/teeth.jpg; GW/gong.jpg; GW/globe.jpg; GW/barrel.jpg; GW/paint.jpg; GW/jukebox.jpg; GW/dustpan.jpg; GW/hat.jpg; GW/basket.jpg; GW/wheelchair.jpg; GW/soldier.jpg; GW/camera.jpg; GW/snail.jpg
67dcc12657e2fe1375df7f89,GW/hat.jpg; GW/camera.jpg; GW/soldier.jpg; GW/jukebox.jpg; GW/barrel.jpg; GW/snail.jpg; GW/wheelchair.jpg; GW/basket.jpg; GW/teeth.jpg; GW/paint.jpg; GW/dustpan.jpg; GW/globe.jpg; GW/gong.jpg
67e42a7bdae7875a883eead0,GW/jukebox.jpg; GW/barrel.jpg; GW/soldier.jpg; GW/dustpan.jpg; GW/hat.jpg; GW/globe.jpg; GW/teeth.jpg; GW/camera.jpg; GW/snail.jpg; GW/wheelchair.jpg; GW/paint.jpg; GW/basket.jpg; GW/gong.jpg
67ce1feb43ee9200186c94b3,GW/dustpan.jpg; GW/camera.jpg; GW/basket.jpg; GW/gong.jpg; GW/paint.jpg; GW/teeth.jpg; GW/wheelchair.jpg; GW/barrel.jpg; GW/soldier.jpg; GW/globe.jpg; GW/hat.jpg; GW/jukebox.jpg; GW/snail.jpg
5bcc60b95c2b810001dc68e2,GW/camera.jpg; GW/basket.jpg; GW/jukebox.jpg; GW/barrel.jpg; GW/wheelchair.jpg; GW/hat.jpg; GW/dustpan.jpg; GW/teeth.jpg; GW/gong.jpg; GW/globe.jpg; GW/snail.jpg; GW/paint.jpg; GW/soldier.jpg
6550de88683355a74699844c,GW/camera.jpg; GW/basket.jpg; GW/paint.jpg; GW/wheelchair.jpg; GW/soldier.jpg; GW/teeth.jpg; GW/gong.jpg; GW/dustpan.jpg; GW/hat.jpg; GW/globe.jpg; GW/barrel.jpg; GW/snail.jpg; GW/jukebox.jpg
67e2f86dfcb60829d2e451d3,GW/teeth.jpg; GW/snail.jpg; GW/globe.jpg; GW/dustpan.jpg; GW/basket.jpg; GW/barrel.jpg; GW/gong.jpg; GW/camera.jpg; GW/wheelchair.jpg; GW/paint.jpg; GW/jukebox.jpg; GW/hat.jpg; GW/soldier.jpg
6526f601bedbae17738408b1,GW/wheelchair.jpg; GW/snail.jpg; GW/camera.jpg; GW/basket.jpg; GW/gong.jpg; GW/globe.jpg; GW/hat.jpg; GW/teeth.jpg; GW/barrel.jpg; GW/paint.jpg; GW/jukebox.jpg; GW/dustpan.jpg; GW/soldier.jpg
66af82fe7c33867b3ed6efcb,GW/paint.jpg; GW/snail.jpg; GW/soldier.jpg; GW/barrel.jpg; GW/hat.jpg; GW/wheelchair.jpg; GW/gong.jpg; GW/globe.jpg; GW/camera.jpg; GW/jukebox.jpg; GW/dustpan.jpg; GW/teeth.jpg; GW/basket.jpg
668c85c9f955972065292902,GW/wheelchair.jpg; GW/barrel.jpg; GW/gong.jpg; GW/snail.jpg; GW/paint.jpg; GW/dustpan.jpg; GW/hat.jpg; GW/globe.jpg; GW/camera.jpg; GW/jukebox.jpg; GW/teeth.jpg; GW/basket.jpg; GW/soldier.jpg
654d0bd1f4ba143e0503a02f,GW/camera.jpg; GW/barrel.jpg; GW/snail.jpg; GW/globe.jpg; GW/basket.jpg; GW/jukebox.jpg; GW/wheelchair.jpg; GW/hat.jpg; GW/gong.jpg; GW/paint.jpg; GW/teeth.jpg; GW/dustpan.jpg; GW/soldier.jpg
67f24d9d37225c87ef8b09c4,GW/globe.jpg; GW/barrel.jpg; GW/snail.jpg; GW/soldier.jpg; GW/gong.jpg; GW/hat.jpg; GW/jukebox.jpg; GW/basket.jpg; GW/teeth.jpg; GW/dustpan.jpg; GW/wheelchair.jpg; GW/paint.jpg; GW/camera.jpg
63c3118da7ffa9c9fa88a10e,GW/paint.jpg; GW/snail.jpg; GW/teeth.jpg; GW/camera.jpg; GW/barrel.jpg; GW/dustpan.jpg; GW/soldier.jpg; GW/jukebox.jpg; GW/hat.jpg; GW/basket.jpg; GW/globe.jpg; GW/gong.jpg; GW/wheelchair.jpg
6691809035e52ca9b2b0f39a,GW/camera.jpg; GW/gong.jpg; GW/wheelchair.jpg; GW/basket.jpg; GW/snail.jpg; GW/paint.jpg; GW/jukebox.jpg; GW/hat.jpg; GW/dustpan.jpg; GW/soldier.jpg; GW/barrel.jpg; GW/globe.jpg; GW/teeth.jpg
611b09935cd6e67f2b5e9ea2,GW/jukebox.jpg; GW/wheelchair.jpg; GW/snail.jpg; GW/teeth.jpg; GW/hat.jpg; GW/soldier.jpg; GW/globe.jpg; GW/basket.jpg; GW/gong.jpg; GW/paint.jpg; GW/camera.jpg; GW/barrel.jpg; GW/dustpan.jpg
66660a053b08e2a34f9b945c,GW/paint.jpg; GW/barrel.jpg; GW/wheelchair.jpg; GW/jukebox.jpg; GW/dustpan.jpg; GW/snail.jpg; GW/camera.jpg; GW/basket.jpg; GW/gong.jpg; GW/teeth.jpg; GW/soldier.jpg; GW/globe.jpg; GW/hat.jpg
5fc521555cd05b000cfe0998,GW/teeth.jpg; GW/paint.jpg; GW/basket.jpg; GW/barrel.jpg; GW/jukebox.jpg; GW/camera.jpg; GW/hat.jpg; GW/soldier.jpg; GW/gong.jpg; GW/dustpan.jpg; GW/snail.jpg; GW/wheelchair.jpg; GW/globe.jpg
5685850c333cbd000d4e042f,GW/jukebox.jpg; GW/gong.jpg; GW/basket.jpg; GW/barrel.jpg; GW/soldier.jpg; GW/dustpan.jpg; GW/globe.jpg; GW/snail.jpg; GW/teeth.jpg; GW/hat.jpg; GW/wheelchair.jpg; GW/paint.jpg; GW/camera.jpg
67db09c719a34f37f3f38e0a,GW/jukebox.jpg; GW/teeth.jpg; GW/gong.jpg; GW/camera.jpg; GW/barrel.jpg; GW/basket.jpg; GW/wheelchair.jpg; GW/paint.jpg; GW/hat.jpg; GW/soldier.jpg; GW/snail.jpg; GW/globe.jpg; GW/dustpan.jpg
62926b2bba027005e0a84475,GW/hat.jpg; GW/barrel.jpg; GW/paint.jpg; GW/soldier.jpg; GW/dustpan.jpg; GW/jukebox.jpg; GW/basket.jpg; GW/camera.jpg; GW/snail.jpg; GW/gong.jpg; GW/teeth.jpg; GW/wheelchair.jpg; GW/globe.jpg
67db5618164a0fc0678e84d6,GW/camera.jpg; GW/snail.jpg; GW/paint.jpg; GW/wheelchair.jpg; GW/soldier.jpg; GW/basket.jpg; GW/gong.jpg; GW/teeth.jpg; GW/jukebox.jpg; GW/dustpan.jpg; GW/globe.jpg; GW/barrel.jpg; GW/hat.jpg
668d4819f7ea48371e78223f,GW/soldier.jpg; GW/barrel.jpg; GW/jukebox.jpg; GW/camera.jpg; GW/paint.jpg; GW/basket.jpg; GW/snail.jpg; GW/globe.jpg; GW/gong.jpg; GW/dustpan.jpg; GW/hat.jpg; GW/wheelchair.jpg; GW/teeth.jpg
65631b21aff167a83105c476,GW/teeth.jpg; GW/barrel.jpg; GW/globe.jpg; GW/jukebox.jpg; GW/snail.jpg; GW/hat.jpg; GW/gong.jpg; GW/camera.jpg; GW/dustpan.jpg; GW/soldier.jpg; GW/paint.jpg; GW/basket.jpg; GW/wheelchair.jpg
66436e0c091888a5fc85584e,GW/wheelchair.jpg; GW/soldier.jpg; GW/jukebox.jpg; GW/dustpan.jpg; GW/teeth.jpg; GW/barrel.jpg; GW/camera.jpg; GW/snail.jpg; GW/globe.jpg; GW/gong.jpg; GW/hat.jpg; GW/basket.jpg; GW/paint.jpg
682e51c62942ef847cd56edf,GW/jukebox.jpg; GW/soldier.jpg; GW/basket.jpg; GW/gong.jpg; GW/dustpan.jpg; GW/teeth.jpg; GW/wheelchair.jpg; GW/paint.jpg; GW/globe.jpg; GW/barrel.jpg; GW/camera.jpg; GW/hat.jpg; GW/snail.jpg
5c1ffe5295f978000173df84,GW/paint.jpg; GW/gong.jpg; GW/camera.jpg; GW/soldier.jpg; GW/dustpan.jpg; GW/wheelchair.jpg; GW/jukebox.jpg; GW/teeth.jpg; GW/basket.jpg; GW/globe.jpg; GW/barrel.jpg; GW/snail.jpg; GW/hat.jpg
56f59251736c79000c2241f7,GW/teeth.jpg; GW/hat.jpg; GW/barrel.jpg; GW/globe.jpg; GW/dustpan.jpg; GW/jukebox.jpg; GW/camera.jpg; GW/gong.jpg; GW/basket.jpg; GW/paint.jpg; GW/wheelchair.jpg; GW/soldier.jpg; GW/snail.jpg
5c1199258b095d00015cf0ec,GW/wheelchair.jpg; GW/dustpan.jpg; GW/camera.jpg; GW/soldier.jpg; GW/jukebox.jpg; GW/basket.jpg; GW/globe.jpg; GW/snail.jpg; GW/barrel.jpg; GW/paint.jpg; GW/hat.jpg; GW/teeth.jpg; GW/gong.jpg
66e9d794bd67a9a02ca66a8f,GW/paint.jpg; GW/teeth.jpg; GW/gong.jpg; GW/barrel.jpg; GW/hat.jpg; GW/camera.jpg; GW/dustpan.jpg; GW/soldier.jpg; GW/globe.jpg; GW/snail.jpg; GW/basket.jpg; GW/wheelchair.jpg; GW/jukebox.jpg
